Age,Gender,DistanceFromHome,JobLevel,MonthlyIncome,PerformanceRating,JobSatisfaction
-0.2538851194723123,-0.8164965809277229,-0.4613179287184279,-0.37289306408674716,-0.3592357783736543,-0.4262300150429035,0.7265804516265811
-0.16685996393813207,0.010206207261596543,0.06447138759643635,-0.31082322226884884,-0.32832972404349364,2.346151056253852,-0.01684527716079004
-0.10115885313749257,-0.17407541319271325,1.705016490944485,-0.22293048167570934,-0.28408122278437103,-0.4262300150429028,0.06202692839759812
-0.21850467663051634,1.2247448713915856,-0.34656045571363886,-0.3270846227139345,-0.36158266652494103,-0.4262300150429037,0.004492568958464942
1.2148633966896245,0.07829419269169971,-0.08911498996901451,1.852772116268341,1.980065315712669,-0.0970888832907766,0.01011781662976828
-0.29510243062528413,-0.8164965809277248,-0.3386870351128069,-0.35902049407636044,-0.3811160756271619,-0.42623001504290287,-1.1617632595277285
